"uid","table_source","doi","table_name","var_name","var_label","datatype","priority","min","open_access","description","aug_keywords","der_codelanguage","der_code","der_script","der_vars_used","obs_numobs","obs_distinct","obs_datatype","obs_missing","obs_min","obs_max","obs_mean","obs_p_5","obs_p_10","obs_p_25","obs_median","obs_p_75","obs_p_90","obs_p_95","sas_type","sas_length","sas_varnum","sas_format","sas_formatl","sas_informat","sas_informatl","table_doi","table_label","table_join_format","table_domain","table_description","table_science_champion","table_link_csv","table_link_python","table_link_stata","table_link_sas","table_link_r","link_to_table_date_image","table_dir_name","table_numobs","table_numvars","data_ecosystem","lookup","obs_permissible_values","obs_pv_pcts","merged_lookups","link_to_image","max","units","nih_cde","aug_documentation","obs_anomalies","table_staff_champion","table_info"
"0","Derived","V8KMgj8qu1id","der_cohort","idno","BLSA ID","Integer","Primary","0","permissioned","Study-defined de-identified numeric participant identifier. Primary identifier included in all datasets","identifier","SAS","= idno","trans_cohort.sas","cohort.idno","26298","3449","Integer","0 (0.0%)","11.0","8224.0","2753.1036580728573","132.0","292.0","681.0","1431.0","5265.0","5936.0","6218.0","1","8","1","BEST","12","BEST","32","PCVz2dtq66kK","Cohort","['idno', 'visit']","Cohort","High level description of participant-visit characteristics ","Eleanor Simonsick","https://nih.sharepoint.com/:x:/r/sites/NIA-BLSA/Data/4-Sharing/data-csv/der_cohort.csv","https://nih.sharepoint.com/:x:/r/sites/NIA-BLSA/Data/4-Sharing/import-data-python/der_cohort.py","https://nih.sharepoint.com/:x:/r/sites/NIA-BLSA/Data/4-Sharing/import-data-stata/der_cohort.do","https://nih.sharepoint.com/:x:/r/sites/NIA-BLSA/Data/4-Sharing/import-data-sas/der_cohort.sas","https://nih.sharepoint.com/:x:/r/sites/NIA-BLSA/Data/4-Sharing/import-data-r/der_cohort.r","./images/dates/der_cohort.jpg","BLSA/1-StudyData/4-sharing/data-csv","26298","17","","","","","","","","","","","","",""
"1","Derived","bXIo0LZ0tQn3","der_cohort","visit","BLSA Visit Number","Integer","Primary","0","open","Study-defined visit number","time","SAS","= visit","trans_cohort.sas","cohort.visit","26298","34","Integer","0 (0.0%)","1.0","34.0","6.752604760818313","1.0","1.0","3.0","5.0","10.0","14.0","18.0","1","8","2","BEST","12","BEST","32","PCVz2dtq66kK","Cohort","['idno', 'visit']","Cohort","High level description of participant-visit characteristics ","Eleanor Simonsick","https://nih.sharepoint.com/:x:/r/sites/NIA-BLSA/Data/4-Sharing/data-csv/der_cohort.csv","https://nih.sharepoint.com/:x:/r/sites/NIA-BLSA/Data/4-Sharing/import-data-python/der_cohort.py","https://nih.sharepoint.com/:x:/r/sites/NIA-BLSA/Data/4-Sharing/import-data-stata/der_cohort.do","https://nih.sharepoint.com/:x:/r/sites/NIA-BLSA/Data/4-Sharing/import-data-sas/der_cohort.sas","https://nih.sharepoint.com/:x:/r/sites/NIA-BLSA/Data/4-Sharing/import-data-r/der_cohort.r","./images/dates/der_cohort.jpg","BLSA/1-StudyData/4-sharing/data-csv","26298","17","ADDI, GAAIN","","","","","","","","","","","",""
"6","Derived","fYVgTuhvNcwt","der_cohort","visitmonth","Month of Visit","NumberList","Primary","","open","Calendar Month of visit-specific data collection. If the participant's exam covers multiple years (ex: Dec 1, 1999 - Jan2, 2000), then the year of the first exam day is used","time","SAS","= month(visitdate)","trans_cohort.sas","cohort.visitdate","26298","12","NumberList","0 (0.0%)","","","","","","","","","","","1","8","7","BEST","12","BEST","32","PCVz2dtq66kK","Cohort","['idno', 'visit']","Cohort","High level description of participant-visit characteristics ","Eleanor Simonsick","https://nih.sharepoint.com/:x:/r/sites/NIA-BLSA/Data/4-Sharing/data-csv/der_cohort.csv","https://nih.sharepoint.com/:x:/r/sites/NIA-BLSA/Data/4-Sharing/import-data-python/der_cohort.py","https://nih.sharepoint.com/:x:/r/sites/NIA-BLSA/Data/4-Sharing/import-data-stata/der_cohort.do","https://nih.sharepoint.com/:x:/r/sites/NIA-BLSA/Data/4-Sharing/import-data-sas/der_cohort.sas","https://nih.sharepoint.com/:x:/r/sites/NIA-BLSA/Data/4-Sharing/import-data-r/der_cohort.r","./images/dates/der_cohort.jpg","BLSA/1-StudyData/4-sharing/data-csv","26298","17","ADDI, GAAIN","#visitmonth","[1, 2, 3, 4, 5, 6, 7, 8, 9, 10, 11, 12]","[{'value': 6, 'pct': '9.53%'}, {'value': 8, 'pct': '9.48%'}, {'value': 3, 'pct': '9.26%'}, {'value': 5, 'pct': '9.11%'}, {'value': 10, 'pct': '8.92%'}, {'value': 7, 'pct': '8.85%'}, {'value': 4, 'pct': '8.6%'}, {'value': 9, 'pct': '8.48%'}, {'value': 11, 'pct': '7.76%'}, {'value': 1, 'pct': '7.3%'}, {'value': 2, 'pct': '7.03%'}, {'value': 12, 'pct': '5.67%'}]","[object Object],[object Object],[object Object],[object Object],[object Object],[object Object],[object Object],[object Object],[object Object],[object Object],[object Object],[object Object]","","","","","","","",""
"7","Derived","vRxsVpyl92Z4","der_cohort","visityear","Year of Visit","Integer","Primary","1957","open","Year of visit-specific data collection. If the participant's exam covers multiple years (ex: Dec 1, 1999 - Jan2, 2000), then the year of the first exam day is used","time","SAS","= year(visitdate)","trans_cohort.sas","cohort.visitdate","26298","66","Integer","0 (0.0%)","1958.0","2023.0","1992.0357441630542","1965.0","1969.0","1978.0","1993.0","2006.0","2015.0","2018.0","1","8","8","BEST","12","BEST","32","PCVz2dtq66kK","Cohort","['idno', 'visit']","Cohort","High level description of participant-visit characteristics ","Eleanor Simonsick","https://nih.sharepoint.com/:x:/r/sites/NIA-BLSA/Data/4-Sharing/data-csv/der_cohort.csv","https://nih.sharepoint.com/:x:/r/sites/NIA-BLSA/Data/4-Sharing/import-data-python/der_cohort.py","https://nih.sharepoint.com/:x:/r/sites/NIA-BLSA/Data/4-Sharing/import-data-stata/der_cohort.do","https://nih.sharepoint.com/:x:/r/sites/NIA-BLSA/Data/4-Sharing/import-data-sas/der_cohort.sas","https://nih.sharepoint.com/:x:/r/sites/NIA-BLSA/Data/4-Sharing/import-data-r/der_cohort.r","./images/dates/der_cohort.jpg","BLSA/1-StudyData/4-sharing/data-csv","26298","17","ADDI, GAAIN","","","","","./images/histograms/der_cohort__visityear.jpg","","","","","","",""
"8","Derived","M2f82OB5wpq5","der_cohort","daysfromv1","Days Since Visit 1 Baseline","Integer","Primary","0","open","Days since baseline visit","time","SAS","= visitdate[n] - visitdate[1]","trans_cohort.sas","cohort.visitdate","26298","8509","Integer","0 (0.0%)","0.0","21743.0","4475.627766370066","0.0","0.0","1161.0","3330.0","6687.0","10611.3","13179.6","1","8","9","BEST","12","BEST","32","PCVz2dtq66kK","Cohort","['idno', 'visit']","Cohort","High level description of participant-visit characteristics ","Eleanor Simonsick","https://nih.sharepoint.com/:x:/r/sites/NIA-BLSA/Data/4-Sharing/data-csv/der_cohort.csv","https://nih.sharepoint.com/:x:/r/sites/NIA-BLSA/Data/4-Sharing/import-data-python/der_cohort.py","https://nih.sharepoint.com/:x:/r/sites/NIA-BLSA/Data/4-Sharing/import-data-stata/der_cohort.do","https://nih.sharepoint.com/:x:/r/sites/NIA-BLSA/Data/4-Sharing/import-data-sas/der_cohort.sas","https://nih.sharepoint.com/:x:/r/sites/NIA-BLSA/Data/4-Sharing/import-data-r/der_cohort.r","./images/dates/der_cohort.jpg","BLSA/1-StudyData/4-sharing/data-csv","26298","17","ADDI, GAAIN","","","","","./images/histograms/der_cohort__daysfromv1.jpg","43830","days","","","","",""
"9","Derived","MQ8WCwmMoDIJ","der_cohort","yearsfromv1","Years Since Visit 1 Baseline","Decimal","Primary","0","open","Years since baseline visit","time","SAS","= (visitdate[n] - visitdate[1])/365.25","trans_cohort.sas","cohort.visitdate","26298","8509","Decimal","0 (0.0%)","0.0","59.529089665","12.2536010030644","0.0","0.0","3.18","9.1170431211","18.31","29.05","36.08","1","8","10","BEST","12","BEST","32","PCVz2dtq66kK","Cohort","['idno', 'visit']","Cohort","High level description of participant-visit characteristics ","Eleanor Simonsick","https://nih.sharepoint.com/:x:/r/sites/NIA-BLSA/Data/4-Sharing/data-csv/der_cohort.csv","https://nih.sharepoint.com/:x:/r/sites/NIA-BLSA/Data/4-Sharing/import-data-python/der_cohort.py","https://nih.sharepoint.com/:x:/r/sites/NIA-BLSA/Data/4-Sharing/import-data-stata/der_cohort.do","https://nih.sharepoint.com/:x:/r/sites/NIA-BLSA/Data/4-Sharing/import-data-sas/der_cohort.sas","https://nih.sharepoint.com/:x:/r/sites/NIA-BLSA/Data/4-Sharing/import-data-r/der_cohort.r","./images/dates/der_cohort.jpg","BLSA/1-StudyData/4-sharing/data-csv","26298","17","ADDI","","","","","./images/histograms/der_cohort__yearsfromv1.jpg","120","years","","","","",""
"18","Derived","inGUiOzFM2","der_cohort_id","visit","","","Unclassified","","open","","","","","","","26298","34","Integer","0 (0.0%)","1.0","34.0","6.752604760818313","1.0","1.0","3.0","5.0","10.0","14.0","18.0","1","8","2","BEST","12","BEST","32","f9F9TXxJ98","Cohort ID Information","['idno', 'visit']","Cohort","High level description of cross-project identifiers, participant disposition, and sharing preferences for the participants in the cohort.","Eleanor Simonsick","https://nih.sharepoint.com/:x:/r/sites/NIA-BLSA/Data/4-Sharing/data-csv/der_cohort_id.csv","https://nih.sharepoint.com/:x:/r/sites/NIA-BLSA/Data/4-Sharing/import-data-python/der_cohort_id.py","https://nih.sharepoint.com/:x:/r/sites/NIA-BLSA/Data/4-Sharing/import-data-stata/der_cohort_id.do","https://nih.sharepoint.com/:x:/r/sites/NIA-BLSA/Data/4-Sharing/import-data-sas/der_cohort_id.sas","https://nih.sharepoint.com/:x:/r/sites/NIA-BLSA/Data/4-Sharing/import-data-r/der_cohort_id.r","./images/dates/der_cohort_id.jpg","BLSA/1-StudyData/4-sharing/data-csv","26298","11","ADDI, GAAIN","","","","","","","","","","","",""
"23","Derived","cfv14DheGi","der_cohort_id","id_gaain","Masked Participant ID for GAAIN\LONI","Integer","Primary","1000000","open","Masked Participant ID for GAAIN\LONI","identifier","Stata","= id_mock, if imaging data available","trans_cohort_id.do","cohort.idno","2827","1051","Integer","23471 (89.25%)","1004324.0","9986834.0","5522106.514679872","1384222.0","1791240.0","3055172.0","5601956.0","7942575.0","9198045.0","9577288.0","1","8","7","BEST","12","BEST","32","f9F9TXxJ98","Cohort ID Information","['idno', 'visit']","Cohort","High level description of cross-project identifiers, participant disposition, and sharing preferences for the participants in the cohort.","Eleanor Simonsick","https://nih.sharepoint.com/:x:/r/sites/NIA-BLSA/Data/4-Sharing/data-csv/der_cohort_id.csv","https://nih.sharepoint.com/:x:/r/sites/NIA-BLSA/Data/4-Sharing/import-data-python/der_cohort_id.py","https://nih.sharepoint.com/:x:/r/sites/NIA-BLSA/Data/4-Sharing/import-data-stata/der_cohort_id.do","https://nih.sharepoint.com/:x:/r/sites/NIA-BLSA/Data/4-Sharing/import-data-sas/der_cohort_id.sas","https://nih.sharepoint.com/:x:/r/sites/NIA-BLSA/Data/4-Sharing/import-data-r/der_cohort_id.r","./images/dates/der_cohort_id.jpg","BLSA/1-StudyData/4-sharing/data-csv","26298","11","GAAIN","","","","","./images/histograms/der_cohort_id__id_gaain.jpg","9999999","","","","","",""
"29","Derived","V2Ip0BS5S8","der_demographics","visit","","","Unclassified","","open","","","","","","","26298","34","Integer","0 (0.0%)","1.0","34.0","6.752604760818313","1.0","1.0","3.0","5.0","10.0","14.0","18.0","1","8","2","BEST","12","BEST","32","td02jJ68ZscE","Demographics","['idno', 'visit']","Demographics","Basic participant characteristics","Zenobia Moore","https://nih.sharepoint.com/:x:/r/sites/NIA-BLSA/Data/4-Sharing/data-csv/der_demographics.csv","https://nih.sharepoint.com/:x:/r/sites/NIA-BLSA/Data/4-Sharing/import-data-python/der_demographics.py","https://nih.sharepoint.com/:x:/r/sites/NIA-BLSA/Data/4-Sharing/import-data-stata/der_demographics.do","https://nih.sharepoint.com/:x:/r/sites/NIA-BLSA/Data/4-Sharing/import-data-sas/der_demographics.sas","https://nih.sharepoint.com/:x:/r/sites/NIA-BLSA/Data/4-Sharing/import-data-r/der_demographics.r","./images/dates/der_demographics.jpg","BLSA/1-StudyData/4-sharing/data-csv","26298","29","ADDI, GAAIN","","","","","","","","","","","",""
"31","Derived","TP48b93fh0aF","der_demographics","sex","Sex (M, F)","StringList","Primary","","open","Participant sex","","Stata","= sex","trans_demographics.do","demography.sex","26298","2","StringList","0 (0.0%)","","","","","","","","","","","2","1","4","$","1","$","1","td02jJ68ZscE","Demographics","['idno', 'visit']","Demographics","Basic participant characteristics","Zenobia Moore","https://nih.sharepoint.com/:x:/r/sites/NIA-BLSA/Data/4-Sharing/data-csv/der_demographics.csv","https://nih.sharepoint.com/:x:/r/sites/NIA-BLSA/Data/4-Sharing/import-data-python/der_demographics.py","https://nih.sharepoint.com/:x:/r/sites/NIA-BLSA/Data/4-Sharing/import-data-stata/der_demographics.do","https://nih.sharepoint.com/:x:/r/sites/NIA-BLSA/Data/4-Sharing/import-data-sas/der_demographics.sas","https://nih.sharepoint.com/:x:/r/sites/NIA-BLSA/Data/4-Sharing/import-data-r/der_demographics.r","./images/dates/der_demographics.jpg","BLSA/1-StudyData/4-sharing/data-csv","26298","29","ADDI, GAAIN","#sex","['M', 'F']","[{'value': 'M', 'pct': '65.34%'}, {'value': 'F', 'pct': '34.66%'}]","[object Object],[object Object]","","","","gtqOBUXBf","","","",""
"39","Derived","mHn6zPaI1f5q","der_demographics","age","Age at time of visit (years)","Decimal","Core","0","open","Participant age on first day of visit ","","Stata","= round((visitdate - birthdate)/365.25, 0.1)","trans_demographics.do","demography.birthdate, cohort.visitdate","26298","823","Decimal","0 (0.0%)","17.2","105.6","64.0124306030877","33.0","39.3","51.7","66.1","77.3","84.83","88.2","1","8","12","BEST","12","BEST","32","td02jJ68ZscE","Demographics","['idno', 'visit']","Demographics","Basic participant characteristics","Zenobia Moore","https://nih.sharepoint.com/:x:/r/sites/NIA-BLSA/Data/4-Sharing/data-csv/der_demographics.csv","https://nih.sharepoint.com/:x:/r/sites/NIA-BLSA/Data/4-Sharing/import-data-python/der_demographics.py","https://nih.sharepoint.com/:x:/r/sites/NIA-BLSA/Data/4-Sharing/import-data-stata/der_demographics.do","https://nih.sharepoint.com/:x:/r/sites/NIA-BLSA/Data/4-Sharing/import-data-sas/der_demographics.sas","https://nih.sharepoint.com/:x:/r/sites/NIA-BLSA/Data/4-Sharing/import-data-r/der_demographics.r","./images/dates/der_demographics.jpg","BLSA/1-StudyData/4-sharing/data-csv","26298","29","ADDI, GAAIN","","","","","./images/histograms/der_demographics__age.jpg","120","years","XkjgY8cihig","","","",""
"42","Derived","vjv4Qbzx66","der_demographics","race","Race Category (White, Black or African American, American Indian or Alaskan Native, Asian or Pacific Islander, More than one race)","NumberList","Core","","open","The last recorded participant race provided asked as a part of the general interview during the regular exam visit. Race provided during screening is used when no information is available from exams.","","Stata","= race","trans_demographics.do","demography.race","26298","8","NumberList","0 (0.0%)","","","","","","","","","","","1","8","15","BEST","12","BEST","32","td02jJ68ZscE","Demographics","['idno', 'visit']","Demographics","Basic participant characteristics","Zenobia Moore","https://nih.sharepoint.com/:x:/r/sites/NIA-BLSA/Data/4-Sharing/data-csv/der_demographics.csv","https://nih.sharepoint.com/:x:/r/sites/NIA-BLSA/Data/4-Sharing/import-data-python/der_demographics.py","https://nih.sharepoint.com/:x:/r/sites/NIA-BLSA/Data/4-Sharing/import-data-stata/der_demographics.do","https://nih.sharepoint.com/:x:/r/sites/NIA-BLSA/Data/4-Sharing/import-data-sas/der_demographics.sas","https://nih.sharepoint.com/:x:/r/sites/NIA-BLSA/Data/4-Sharing/import-data-r/der_demographics.r","./images/dates/der_demographics.jpg","BLSA/1-StudyData/4-sharing/data-csv","26298","29","ADDI, GAAIN","#race","[2, 3, 6, 7, 8, 9, 10, 11]","[{'value': 6, 'pct': '84.95%'}, {'value': 3, 'pct': '12.0%'}, {'value': 9, 'pct': '1.72%'}, {'value': 7, 'pct': '0.64%'}, {'value': 8, 'pct': '0.42%'}, {'value': 2, 'pct': '0.13%'}, {'value': 10, 'pct': '0.08%'}, {'value': 11, 'pct': '0.07%'}]","[object Object],[object Object],[object Object],[object Object],[object Object],[object Object],[object Object],[object Object]","","","","","","","",""
"43","Derived","m5vI32609HG6","der_demographics","race3cat","Race Category (White, Black, Other)","NumberList","Core","","open","Participant race group","","Stata","","trans_demographics.do","demography.race","26150","3","NumberList","148 (0.56%)","","","","","","","","","","","1","8","16","BEST","12","BEST","32","td02jJ68ZscE","Demographics","['idno', 'visit']","Demographics","Basic participant characteristics","Zenobia Moore","https://nih.sharepoint.com/:x:/r/sites/NIA-BLSA/Data/4-Sharing/data-csv/der_demographics.csv","https://nih.sharepoint.com/:x:/r/sites/NIA-BLSA/Data/4-Sharing/import-data-python/der_demographics.py","https://nih.sharepoint.com/:x:/r/sites/NIA-BLSA/Data/4-Sharing/import-data-stata/der_demographics.do","https://nih.sharepoint.com/:x:/r/sites/NIA-BLSA/Data/4-Sharing/import-data-sas/der_demographics.sas","https://nih.sharepoint.com/:x:/r/sites/NIA-BLSA/Data/4-Sharing/import-data-r/der_demographics.r","./images/dates/der_demographics.jpg","BLSA/1-StudyData/4-sharing/data-csv","26298","29","ADDI","#race3cat","[1, 2, 3]","[{'value': 1, 'pct': '85.43%'}, {'value': 2, 'pct': '12.07%'}, {'value': 3, 'pct': '2.5%'}]","[object Object],[object Object],[object Object]","","","","","","","",""
"47","Derived","i03wMlL7OQmU","der_demographics","smokehx","Smoking history (4-level)","NumberList","Core","","open","4 category variable corresponding to historical smoking behaviors. ","","Stata","","trans_demographics.do","blsa_general_interview.smk01, smk01b, smk01d, smk01g, demography.brthdat, cohort.visitdate","6280","4","NumberList","20018 (76.12%)","","","","","","","","","","","1","8","20","BEST","12","BEST","32","td02jJ68ZscE","Demographics","['idno', 'visit']","Demographics","Basic participant characteristics","Zenobia Moore","https://nih.sharepoint.com/:x:/r/sites/NIA-BLSA/Data/4-Sharing/data-csv/der_demographics.csv","https://nih.sharepoint.com/:x:/r/sites/NIA-BLSA/Data/4-Sharing/import-data-python/der_demographics.py","https://nih.sharepoint.com/:x:/r/sites/NIA-BLSA/Data/4-Sharing/import-data-stata/der_demographics.do","https://nih.sharepoint.com/:x:/r/sites/NIA-BLSA/Data/4-Sharing/import-data-sas/der_demographics.sas","https://nih.sharepoint.com/:x:/r/sites/NIA-BLSA/Data/4-Sharing/import-data-r/der_demographics.r","./images/dates/der_demographics.jpg","BLSA/1-StudyData/4-sharing/data-csv","26298","29","ADDI, GAAIN","#smokehx","[0, 1, 2, 3]","[{'value': 0, 'pct': '61.88%'}, {'value': 1, 'pct': '34.67%'}, {'value': 3, 'pct': '1.88%'}, {'value': 2, 'pct': '1.58%'}]","[object Object],[object Object],[object Object],[object Object]","","","","","BLSA\2-People\ASewall\OSA BLSA_Edits\Prog\09. Smoking","","",""
"54","Derived","nnjJYfYFfE","der_demographics","maxeducation","Highest Education Attained","NumberList","Primary","","open","Highest education attained by the participant","","Stata","","trans_demographics.do","","15673","11","NumberList","10625 (40.4%)","","","","","","","","","","","1","8","27","BEST","12","BEST","32","td02jJ68ZscE","Demographics","['idno', 'visit']","Demographics","Basic participant characteristics","Zenobia Moore","https://nih.sharepoint.com/:x:/r/sites/NIA-BLSA/Data/4-Sharing/data-csv/der_demographics.csv","https://nih.sharepoint.com/:x:/r/sites/NIA-BLSA/Data/4-Sharing/import-data-python/der_demographics.py","https://nih.sharepoint.com/:x:/r/sites/NIA-BLSA/Data/4-Sharing/import-data-stata/der_demographics.do","https://nih.sharepoint.com/:x:/r/sites/NIA-BLSA/Data/4-Sharing/import-data-sas/der_demographics.sas","https://nih.sharepoint.com/:x:/r/sites/NIA-BLSA/Data/4-Sharing/import-data-r/der_demographics.r","./images/dates/der_demographics.jpg","BLSA/1-StudyData/4-sharing/data-csv","26298","29","ADDI, GAAIN","#maxeducation","[8, 9, 10, 11, 12, 14, 16, 18, 19, 20, 21]","[{'value': 18, 'pct': '27.56%'}, {'value': 16, 'pct': '26.67%'}, {'value': 20, 'pct': '10.5%'}, {'value': 21, 'pct': '10.22%'}, {'value': 14, 'pct': '9.65%'}, {'value': 12, 'pct': '8.04%'}, {'value': 19, 'pct': '6.67%'}, {'value': 8, 'pct': '0.38%'}, {'value': 9, 'pct': '0.2%'}, {'value': 10, 'pct': '0.08%'}, {'value': 11, 'pct': '0.05%'}]","[object Object],[object Object],[object Object],[object Object],[object Object],[object Object],[object Object],[object Object],[object Object],[object Object],[object Object]","","","","","","","",""
"58","Derived","ajv3IWOLBc","der_anthropometry","visit","","","Unclassified","","open","","","","","","","7216","34","Integer","0 (0.0%)","1.0","34.0","8.638580931263858","1.0","2.0","4.0","7.0","12.0","18.0","21.0","1","8","2","BEST","12","BEST","32","z3pI2Rk390nO","Anthropometrics","['idno', 'visit']","Anthropometrics","Body size and proportions","Zenobia Moore","https://nih.sharepoint.com/:x:/r/sites/NIA-BLSA/Data/4-Sharing/data-csv/der_anthropometry.csv","https://nih.sharepoint.com/:x:/r/sites/NIA-BLSA/Data/4-Sharing/import-data-python/der_anthropometry.py","https://nih.sharepoint.com/:x:/r/sites/NIA-BLSA/Data/4-Sharing/import-data-stata/der_anthropometry.do","https://nih.sharepoint.com/:x:/r/sites/NIA-BLSA/Data/4-Sharing/import-data-sas/der_anthropometry.sas","https://nih.sharepoint.com/:x:/r/sites/NIA-BLSA/Data/4-Sharing/import-data-r/der_anthropometry.r","./images/dates/der_anthropometry.jpg","BLSA/1-StudyData/4-sharing/data-csv","7216","22","ADDI, GAAIN","","","","","","","","","","[]","",""
"59","Derived","iUH9juGP08y0","der_anthropometry","weight","Weight (kg)","Decimal","Primary","34","open","Participant weight (kg)","adiposity, body measure","SAS","= ant05","trans_anthropometry.sas","blsa_body_measurements.ant05","7017","814","Decimal","199 (2.76%)","34.6","163.4","76.05048453755165","51.8","55.76","64.1","74.8","85.5","97.8","105.3","1","8","3","BEST","12","BEST","32","z3pI2Rk390nO","Anthropometrics","['idno', 'visit']","Anthropometrics","Body size and proportions","Zenobia Moore","https://nih.sharepoint.com/:x:/r/sites/NIA-BLSA/Data/4-Sharing/data-csv/der_anthropometry.csv","https://nih.sharepoint.com/:x:/r/sites/NIA-BLSA/Data/4-Sharing/import-data-python/der_anthropometry.py","https://nih.sharepoint.com/:x:/r/sites/NIA-BLSA/Data/4-Sharing/import-data-stata/der_anthropometry.do","https://nih.sharepoint.com/:x:/r/sites/NIA-BLSA/Data/4-Sharing/import-data-sas/der_anthropometry.sas","https://nih.sharepoint.com/:x:/r/sites/NIA-BLSA/Data/4-Sharing/import-data-r/der_anthropometry.r","./images/dates/der_anthropometry.jpg","BLSA/1-StudyData/4-sharing/data-csv","7216","22","ADDI, GAAIN","","","","","./images/histograms/der_anthropometry__weight.jpg","200","kg","","","[]","",""
"62","Derived","sEuwbBOvvFoZ","der_anthropometry","height","Height (cm)","Decimal","Primary","120","open","Average of three height measurements (cm)","body measure","SAS","= mean(ant06a,ant06b,ant06c)","trans_anthropometry.sas","blsa_body_measurements.ant06a, ant06b, ant06c","7004","1408","Decimal","212 (2.94%)","132.1","200.53333333","167.43310251286408","152.4","155.4","160.47","167.06666667","174.3","180.25","183.5","1","8","6","BEST","12","BEST","32","z3pI2Rk390nO","Anthropometrics","['idno', 'visit']","Anthropometrics","Body size and proportions","Zenobia Moore","https://nih.sharepoint.com/:x:/r/sites/NIA-BLSA/Data/4-Sharing/data-csv/der_anthropometry.csv","https://nih.sharepoint.com/:x:/r/sites/NIA-BLSA/Data/4-Sharing/import-data-python/der_anthropometry.py","https://nih.sharepoint.com/:x:/r/sites/NIA-BLSA/Data/4-Sharing/import-data-stata/der_anthropometry.do","https://nih.sharepoint.com/:x:/r/sites/NIA-BLSA/Data/4-Sharing/import-data-sas/der_anthropometry.sas","https://nih.sharepoint.com/:x:/r/sites/NIA-BLSA/Data/4-Sharing/import-data-r/der_anthropometry.r","./images/dates/der_anthropometry.jpg","BLSA/1-StudyData/4-sharing/data-csv","7216","22","ADDI, GAAIN","","","","","./images/histograms/der_anthropometry__height.jpg","210","cm","","","[]","",""
"63","Derived","jTtD8vdsBXqB","der_anthropometry","bmi","Body Mass Index (kg/m^2)","Decimal","Core","13","open","Body Mass Index (BMI) is a person's weight in kilograms divided by the square of height in meters. A high BMI can be an indicator of high body fatness. BMI can be used to screen for weight categories that may lead to health problems but it is not diagnostic of the body fatness or health of an individual.","adiposity, body measure","SAS","= weight/((height/100)**2)","trans_anthropometry.sas","blsa_body_measurements.ant05, ant06a, ant06b, ant06c","6996","6920","Decimal","220 (3.05%)","16.047735212","53.903107081","26.98336775377316","20.56","21.59","23.67","26.2264989755","29.62","33.52","35.92","1","8","7","BEST","12","BEST","32","z3pI2Rk390nO","Anthropometrics","['idno', 'visit']","Anthropometrics","Body size and proportions","Zenobia Moore","https://nih.sharepoint.com/:x:/r/sites/NIA-BLSA/Data/4-Sharing/data-csv/der_anthropometry.csv","https://nih.sharepoint.com/:x:/r/sites/NIA-BLSA/Data/4-Sharing/import-data-python/der_anthropometry.py","https://nih.sharepoint.com/:x:/r/sites/NIA-BLSA/Data/4-Sharing/import-data-stata/der_anthropometry.do","https://nih.sharepoint.com/:x:/r/sites/NIA-BLSA/Data/4-Sharing/import-data-sas/der_anthropometry.sas","https://nih.sharepoint.com/:x:/r/sites/NIA-BLSA/Data/4-Sharing/import-data-r/der_anthropometry.r","./images/dates/der_anthropometry.jpg","BLSA/1-StudyData/4-sharing/data-csv","7216","22","ADDI, GAAIN","","","","","./images/histograms/der_anthropometry__bmi.jpg","80","kg/m^2","","https://www.cdc.gov/healthyweight/assessing/bmi/index.html","[]","",""
"80","Derived","ciJzf7wQjo","der_physicalfunction","visit","","","Unclassified","","open","","","","","","","7133","34","Integer","0 (0.0%)","1.0","34.0","8.647974204402075","1.0","2.0","4.0","7.0","12.0","18.0","21.0","1","8","2","BEST","12","BEST","32","mO70OBM9AABg","Physical Function","['idno', 'visit']","Physical Function","The ability of an individual to perform tasks and activities related to their physical well-being, such as mobility, coordination, strength, and endurance. (source:AI)","Eleanor Simonsick","https://nih.sharepoint.com/:x:/r/sites/NIA-BLSA/Data/4-Sharing/data-csv/der_physicalfunction.csv","https://nih.sharepoint.com/:x:/r/sites/NIA-BLSA/Data/4-Sharing/import-data-python/der_physicalfunction.py","https://nih.sharepoint.com/:x:/r/sites/NIA-BLSA/Data/4-Sharing/import-data-stata/der_physicalfunction.do","https://nih.sharepoint.com/:x:/r/sites/NIA-BLSA/Data/4-Sharing/import-data-sas/der_physicalfunction.sas","https://nih.sharepoint.com/:x:/r/sites/NIA-BLSA/Data/4-Sharing/import-data-r/der_physicalfunction.r","./images/dates/der_physicalfunction.jpg","BLSA/1-StudyData/4-sharing/data-csv","7133","51","ADDI, GAAIN","","","","","","","","","","[]","",""
"90","Derived","I1eiG6e3l112","der_physicalfunction","handgrip","Maximum hand grip (kg)","Integer","Core","0","open","Maximum grip strength across all trials","strength, physical performance","SAS","= max(GRIP3L1, GRIP3L2, GRIP3L3, GRIP3R1, GRIP3R2, GRIP3R3)","trans_physicalfunction.sas","GRIP3L1 GRIP3L2 GRIP3L3 GRIP3R1 GRIP3R2 GRIP3R3","6763","68","Integer","370 (5.19%)","2.0","78.0","30.179062546207305","14.0","18.0","22.0","28.0","38.0","46.0","50.0","1","8","12","BEST","12","BEST","32","mO70OBM9AABg","Physical Function","['idno', 'visit']","Physical Function","The ability of an individual to perform tasks and activities related to their physical well-being, such as mobility, coordination, strength, and endurance. (source:AI)","Eleanor Simonsick","https://nih.sharepoint.com/:x:/r/sites/NIA-BLSA/Data/4-Sharing/data-csv/der_physicalfunction.csv","https://nih.sharepoint.com/:x:/r/sites/NIA-BLSA/Data/4-Sharing/import-data-python/der_physicalfunction.py","https://nih.sharepoint.com/:x:/r/sites/NIA-BLSA/Data/4-Sharing/import-data-stata/der_physicalfunction.do","https://nih.sharepoint.com/:x:/r/sites/NIA-BLSA/Data/4-Sharing/import-data-sas/der_physicalfunction.sas","https://nih.sharepoint.com/:x:/r/sites/NIA-BLSA/Data/4-Sharing/import-data-r/der_physicalfunction.r","./images/dates/der_physicalfunction.jpg","BLSA/1-StudyData/4-sharing/data-csv","7133","51","ADDI, GAAIN","","","","","./images/histograms/der_physicalfunction__handgrip.jpg","","kg","","","[]","",""
"127","Derived","XnFwqv2o03TH","der_physicalfunction","ADL_Total","ADL - total score","Integer","Core","0","open","Activities of daily living total score: sum of transferring, bathing, dressing, eating, toileting and walking level of difficulty","ADL, activities of daily living, disability","SAS","= ADL_trans + ADL_bathe + ADL_dress + ADL_eat + ADL_toilet + ADL_walk","trans_physicalfunction.sas","ADL_trans ADL_bathe ADL_dress ADL_eat ADL_toilet ADL_walk","6950","25","Integer","183 (2.57%)","0.0","24.0","0.520863309352518","0.0","0.0","0.0","0.0","0.0","1.0","3.0","1","8","49","BEST","12","BEST","32","mO70OBM9AABg","Physical Function","['idno', 'visit']","Physical Function","The ability of an individual to perform tasks and activities related to their physical well-being, such as mobility, coordination, strength, and endurance. (source:AI)","Eleanor Simonsick","https://nih.sharepoint.com/:x:/r/sites/NIA-BLSA/Data/4-Sharing/data-csv/der_physicalfunction.csv","https://nih.sharepoint.com/:x:/r/sites/NIA-BLSA/Data/4-Sharing/import-data-python/der_physicalfunction.py","https://nih.sharepoint.com/:x:/r/sites/NIA-BLSA/Data/4-Sharing/import-data-stata/der_physicalfunction.do","https://nih.sharepoint.com/:x:/r/sites/NIA-BLSA/Data/4-Sharing/import-data-sas/der_physicalfunction.sas","https://nih.sharepoint.com/:x:/r/sites/NIA-BLSA/Data/4-Sharing/import-data-r/der_physicalfunction.r","./images/dates/der_physicalfunction.jpg","BLSA/1-StudyData/4-sharing/data-csv","7133","51","ADDI, GAAIN","","","","","./images/histograms/der_physicalfunction__ADL_Total.jpg","24","","","","[]","",""
"131","Derived","SZppyfcy9a","der_physicalperformance","visit","","","Unclassified","","open","","","","","","","6518","34","Integer","0 (0.0%)","1.0","34.0","8.657870512427126","1.0","2.0","4.0","7.0","12.0","18.0","21.0","1","8","2","BEST","12","BEST","32","cRYiilgniF","Physical Performance","['idno', 'visit']","Physical Performance","The measurable outcomes and abilities demonstrated by an individual during physical activities or tasks, often assessing factors like speed, strength, agility, and endurance. (source:AI)","Eleanor Simonsick","https://nih.sharepoint.com/:x:/r/sites/NIA-BLSA/Data/4-Sharing/data-csv/der_physicalperformance.csv","https://nih.sharepoint.com/:x:/r/sites/NIA-BLSA/Data/4-Sharing/import-data-python/der_physicalperformance.py","https://nih.sharepoint.com/:x:/r/sites/NIA-BLSA/Data/4-Sharing/import-data-stata/der_physicalperformance.do","https://nih.sharepoint.com/:x:/r/sites/NIA-BLSA/Data/4-Sharing/import-data-sas/der_physicalperformance.sas","https://nih.sharepoint.com/:x:/r/sites/NIA-BLSA/Data/4-Sharing/import-data-r/der_physicalperformance.r","./images/dates/der_physicalperformance.jpg","BLSA/1-StudyData/4-sharing/data-csv","6518","23","ADDI, GAAIN","","","","","","","","","","[]","",""
"134","Derived","MmKu1k5ANul5","der_physicalperformance","gaitspeed","Usual gait speed (m/s)","Decimal","Core","0","open","Maximum walking speed from 2 trials at participant usual pace over 6 meters","mobility, physical performance, body measure","SAS","= min(gaitspeed1time, gaitspeed2time)","trans_physicalperformance.sas","lep7 lep7a lep7a1 lep7a2 lep7b lep7b1 lep7b2","6360","923","Decimal","158 (2.42%)","0.0","2.0905923345","1.0890377258139308","0.58","0.73","0.94","1.1136893349","1.28","1.43","1.52","1","8","5","BEST","12","BEST","32","cRYiilgniF","Physical Performance","['idno', 'visit']","Physical Performance","The measurable outcomes and abilities demonstrated by an individual during physical activities or tasks, often assessing factors like speed, strength, agility, and endurance. (source:AI)","Eleanor Simonsick","https://nih.sharepoint.com/:x:/r/sites/NIA-BLSA/Data/4-Sharing/data-csv/der_physicalperformance.csv","https://nih.sharepoint.com/:x:/r/sites/NIA-BLSA/Data/4-Sharing/import-data-python/der_physicalperformance.py","https://nih.sharepoint.com/:x:/r/sites/NIA-BLSA/Data/4-Sharing/import-data-stata/der_physicalperformance.do","https://nih.sharepoint.com/:x:/r/sites/NIA-BLSA/Data/4-Sharing/import-data-sas/der_physicalperformance.sas","https://nih.sharepoint.com/:x:/r/sites/NIA-BLSA/Data/4-Sharing/import-data-r/der_physicalperformance.r","./images/dates/der_physicalperformance.jpg","BLSA/1-StudyData/4-sharing/data-csv","6518","23","ADDI, GAAIN","","","","","./images/histograms/der_physicalperformance__gaitspeed.jpg","","meters/second","","","[]","",""
"142","Derived","rmkLdi5971Gb","der_physicalperformance","sppb","SPPB - score","Decimal","Primary","0","open","Short physical performance battery score: sum of chair stand score, gait speed score and standing balance score","SPPB, short physical performance battery, physical performance","SAS","= chairstandscore + standbalancescore + gaitspeedscore","trans_physicalperformance.sas","lep7 lep7a lep7a1 lep7a2 lep7b lep7b1 lep7b2 lep1 lep2 lep2b1 lep2c1 lep3 lep4 lep5a lep5a2 lep5b lep5b1","6149","13","NumberList","369 (5.66%)","","","","","","","","","","","1","8","13","BEST","12","BEST","32","cRYiilgniF","Physical Performance","['idno', 'visit']","Physical Performance","The measurable outcomes and abilities demonstrated by an individual during physical activities or tasks, often assessing factors like speed, strength, agility, and endurance. (source:AI)","Eleanor Simonsick","https://nih.sharepoint.com/:x:/r/sites/NIA-BLSA/Data/4-Sharing/data-csv/der_physicalperformance.csv","https://nih.sharepoint.com/:x:/r/sites/NIA-BLSA/Data/4-Sharing/import-data-python/der_physicalperformance.py","https://nih.sharepoint.com/:x:/r/sites/NIA-BLSA/Data/4-Sharing/import-data-stata/der_physicalperformance.do","https://nih.sharepoint.com/:x:/r/sites/NIA-BLSA/Data/4-Sharing/import-data-sas/der_physicalperformance.sas","https://nih.sharepoint.com/:x:/r/sites/NIA-BLSA/Data/4-Sharing/import-data-r/der_physicalperformance.r","./images/dates/der_physicalperformance.jpg","BLSA/1-StudyData/4-sharing/data-csv","6518","23","ADDI, GAAIN","","[0, 1, 2, 3, 4, 5, 6, 7, 8, 9, 10, 11, 12]","[{'value': 12, 'pct': '63.25%'}, {'value': 11, 'pct': '13.11%'}, {'value': 10, 'pct': '7.35%'}, {'value': 9, 'pct': '4.67%'}, {'value': 8, 'pct': '2.96%'}, {'value': 7, 'pct': '2.15%'}, {'value': 6, 'pct': '1.63%'}, {'value': 5, 'pct': '1.07%'}, {'value': 0, 'pct': '0.91%'}, {'value': 4, 'pct': '0.86%'}, {'value': 2, 'pct': '0.7%'}, {'value': 3, 'pct': '0.7%'}, {'value': 1, 'pct': '0.65%'}]","[object Object],[object Object],[object Object],[object Object],[object Object],[object Object],[object Object],[object Object],[object Object],[object Object],[object Object],[object Object],[object Object]","","12","unitless (higher is better)","","Guralnik JM, Simonsick EM, Ferrucci L, Glynn RJ, Berkman LF, Blazer DG, Scherr PA, Wallace RB. A short physical performance battery assessing lower extremity function: association with self-reported disability and prediction of mortality and nursing home admission. J Gerontol. 1994 Mar;49(2):M85-94.","","",""
"263","Derived","ah8lPCCVQC","der_cognition","cogn_status","4-level Cognitive Status at visit","NumberList","Core","","open","4-level cognitive status diagnosis at each visit based on adudication at the last case-conference available: 0=Normal, 1=MCI, 2=Dementia, 3=Impaired Not MCI/Dem","dementia, Alzheimer's Disease","SAS","","trans_cognition.sas","ADRCNACC.nac2, nac3, nac4a, nac4b, nac4c, nac4d, nac4e","26210","4","NumberList","88 (0.33%)","","","","","","","","","","","1","8","3","BEST","12","BEST","32","V6gxN7Eps5N9","Cognition","['idno', 'visit']","Cognition","Adjudicated Cognitive Status (Normal, MCI, Dementia) and related NeuroCognitive Battery data","Susan Resnick","https://nih.sharepoint.com/:x:/r/sites/NIA-BLSA/Data/4-Sharing/data-csv/der_cognition.csv","https://nih.sharepoint.com/:x:/r/sites/NIA-BLSA/Data/4-Sharing/import-data-python/der_cognition.py","https://nih.sharepoint.com/:x:/r/sites/NIA-BLSA/Data/4-Sharing/import-data-stata/der_cognition.do","https://nih.sharepoint.com/:x:/r/sites/NIA-BLSA/Data/4-Sharing/import-data-sas/der_cognition.sas","https://nih.sharepoint.com/:x:/r/sites/NIA-BLSA/Data/4-Sharing/import-data-r/der_cognition.r","./images/dates/der_cognition.jpg","BLSA/1-StudyData/4-sharing/data-csv","26298","9","ADDI, GAAIN","#cogn_status","[0, 1, 2, 3]","[{'value': 0, 'pct': '94.89%'}, {'value': 1, 'pct': '3.31%'}, {'value': 2, 'pct': '1.63%'}, {'value': 3, 'pct': '0.17%'}]","[object Object],[object Object],[object Object],[object Object]","","","","","","","",""
"266","Derived","UCqdynv4Kb","der_cognition","last_cogn_status_alzdis","Alzheimers Disease (AD) diagnosis at last case conference","NumberList","Core","","open","Alzheimer's disease is a degenerative brain disorder that causes memory loss, cognitive decline, and behavioral changes. (source:AI)","","SAS","","trans_cognition.sas","ADRCNACC.nac2, nac3, nac4a, nac4b, nac4c, nac4d, nac4e, nac5, nac5a, nac6, nac6a, nac7, nac7a, nac8, nac8a, nac9, nac9a, nac10, nac10a, nac11, nac11a, nac12, nac12a","26289","2","NumberList","9 (0.03%)","","","","","","","","","","","1","8","6","BEST","12","BEST","32","V6gxN7Eps5N9","Cognition","['idno', 'visit']","Cognition","Adjudicated Cognitive Status (Normal, MCI, Dementia) and related NeuroCognitive Battery data","Susan Resnick","https://nih.sharepoint.com/:x:/r/sites/NIA-BLSA/Data/4-Sharing/data-csv/der_cognition.csv","https://nih.sharepoint.com/:x:/r/sites/NIA-BLSA/Data/4-Sharing/import-data-python/der_cognition.py","https://nih.sharepoint.com/:x:/r/sites/NIA-BLSA/Data/4-Sharing/import-data-stata/der_cognition.do","https://nih.sharepoint.com/:x:/r/sites/NIA-BLSA/Data/4-Sharing/import-data-sas/der_cognition.sas","https://nih.sharepoint.com/:x:/r/sites/NIA-BLSA/Data/4-Sharing/import-data-r/der_cognition.r","./images/dates/der_cognition.jpg","BLSA/1-StudyData/4-sharing/data-csv","26298","9","ADDI, GAAIN","#last_cogn_status_alzdis","[0, 1]","[{'value': 0, 'pct': '87.12%'}, {'value': 1, 'pct': '12.88%'}]","[object Object],[object Object]","","","","","","","",""
"281","Derived","cJte79oQjMpF","der_medicalhx","stroke_hx_ever","Self-Reported History of Stroke","NumberList","Core","","open","Medical Interview 12) Has doctor ever said you had a stroke, mini-stroke or slight stroke?","comorbidity","Stata","= mdhx12","trans_medicalhx.do","BLSA Medical Interview.mdhx12","7014","2","NumberList","92 (1.29%)","","","","","","","","","","","1","8","12","BEST","12","BEST","32","thNbWYX5Sz","Medical History","['idno', 'visit']","Medical History","A comprehensive record of an individual's past and current health conditions, surgeries, treatments, medications, allergies, and other relevant information, which aids healthcare professionals in understanding the patient's health background. (source:AI)","Eleanor Simonsick","https://nih.sharepoint.com/:x:/r/sites/NIA-BLSA/Data/4-Sharing/data-csv/der_medicalhx.csv","https://nih.sharepoint.com/:x:/r/sites/NIA-BLSA/Data/4-Sharing/import-data-python/der_medicalhx.py","https://nih.sharepoint.com/:x:/r/sites/NIA-BLSA/Data/4-Sharing/import-data-stata/der_medicalhx.do","https://nih.sharepoint.com/:x:/r/sites/NIA-BLSA/Data/4-Sharing/import-data-sas/der_medicalhx.sas","https://nih.sharepoint.com/:x:/r/sites/NIA-BLSA/Data/4-Sharing/import-data-r/der_medicalhx.r","./images/dates/der_medicalhx.jpg","BLSA/1-StudyData/4-sharing/data-csv","7106","32","ADDI, GAAIN","#stroke_hx_ever","[0, 1]","[{'value': 0, 'pct': '94.6%'}, {'value': 1, 'pct': '5.4%'}]","[object Object],[object Object]","","","","","","","",""
"284","Derived","B1fLaJD4QTru","der_medicalhx","htn_hx_ever","Self-Reported History of HTN","NumberList","Primary","","open","Medical Interview 15) Has doctor ever said you had high blood pressure or hypertension?","comorbidity","Stata","= mdhx15","trans_medicalhx.do","BLSA Medical Interview.mdhx15","7019","2","NumberList","87 (1.22%)","","","","","","","","","","","1","8","15","BEST","12","BEST","32","thNbWYX5Sz","Medical History","['idno', 'visit']","Medical History","A comprehensive record of an individual's past and current health conditions, surgeries, treatments, medications, allergies, and other relevant information, which aids healthcare professionals in understanding the patient's health background. (source:AI)","Eleanor Simonsick","https://nih.sharepoint.com/:x:/r/sites/NIA-BLSA/Data/4-Sharing/data-csv/der_medicalhx.csv","https://nih.sharepoint.com/:x:/r/sites/NIA-BLSA/Data/4-Sharing/import-data-python/der_medicalhx.py","https://nih.sharepoint.com/:x:/r/sites/NIA-BLSA/Data/4-Sharing/import-data-stata/der_medicalhx.do","https://nih.sharepoint.com/:x:/r/sites/NIA-BLSA/Data/4-Sharing/import-data-sas/der_medicalhx.sas","https://nih.sharepoint.com/:x:/r/sites/NIA-BLSA/Data/4-Sharing/import-data-r/der_medicalhx.r","./images/dates/der_medicalhx.jpg","BLSA/1-StudyData/4-sharing/data-csv","7106","32","ADDI, GAAIN","#htn_hx_ever","[0, 1]","[{'value': 1, 'pct': '52.71%'}, {'value': 0, 'pct': '47.29%'}]","[object Object],[object Object]","","","","","","","",""
"285","Derived","vs20f0J1uQcn","der_medicalhx","dm_hx_ever","Self-Reported History of DM","NumberList","Primary","","open","Medical Interview 16) Has doctor ever said you had diabetes, glucose intolerance or high blood sugar?","comorbidity","Stata","= mdhx16","trans_medicalhx.do","BLSA Medical Interview.mdhx16","7034","2","NumberList","72 (1.01%)","","","","","","","","","","","1","8","16","BEST","12","BEST","32","thNbWYX5Sz","Medical History","['idno', 'visit']","Medical History","A comprehensive record of an individual's past and current health conditions, surgeries, treatments, medications, allergies, and other relevant information, which aids healthcare professionals in understanding the patient's health background. (source:AI)","Eleanor Simonsick","https://nih.sharepoint.com/:x:/r/sites/NIA-BLSA/Data/4-Sharing/data-csv/der_medicalhx.csv","https://nih.sharepoint.com/:x:/r/sites/NIA-BLSA/Data/4-Sharing/import-data-python/der_medicalhx.py","https://nih.sharepoint.com/:x:/r/sites/NIA-BLSA/Data/4-Sharing/import-data-stata/der_medicalhx.do","https://nih.sharepoint.com/:x:/r/sites/NIA-BLSA/Data/4-Sharing/import-data-sas/der_medicalhx.sas","https://nih.sharepoint.com/:x:/r/sites/NIA-BLSA/Data/4-Sharing/import-data-r/der_medicalhx.r","./images/dates/der_medicalhx.jpg","BLSA/1-StudyData/4-sharing/data-csv","7106","32","ADDI, GAAIN","#dm_hx_ever","[0, 1]","[{'value': 0, 'pct': '77.75%'}, {'value': 1, 'pct': '22.25%'}]","[object Object],[object Object]","","","","","","","",""
"286","Derived","XTXM391tQ30F","der_medicalhx","hld_hx_ever","Self-Reported History of HLD","NumberList","Primary","","open","Medical Interview 17) Has doctor ever said you had high choelsterol, triglycerides, (dyslipidemia or hypercholesterolemia)?","comorbidity","Stata","= mdhx17","trans_medicalhx.do","BLSA Medical Interview.mdhx17","6983","2","NumberList","123 (1.73%)","","","","","","","","","","","1","8","17","BEST","12","BEST","32","thNbWYX5Sz","Medical History","['idno', 'visit']","Medical History","A comprehensive record of an individual's past and current health conditions, surgeries, treatments, medications, allergies, and other relevant information, which aids healthcare professionals in understanding the patient's health background. (source:AI)","Eleanor Simonsick","https://nih.sharepoint.com/:x:/r/sites/NIA-BLSA/Data/4-Sharing/data-csv/der_medicalhx.csv","https://nih.sharepoint.com/:x:/r/sites/NIA-BLSA/Data/4-Sharing/import-data-python/der_medicalhx.py","https://nih.sharepoint.com/:x:/r/sites/NIA-BLSA/Data/4-Sharing/import-data-stata/der_medicalhx.do","https://nih.sharepoint.com/:x:/r/sites/NIA-BLSA/Data/4-Sharing/import-data-sas/der_medicalhx.sas","https://nih.sharepoint.com/:x:/r/sites/NIA-BLSA/Data/4-Sharing/import-data-r/der_medicalhx.r","./images/dates/der_medicalhx.jpg","BLSA/1-StudyData/4-sharing/data-csv","7106","32","ADDI, GAAIN","#hld_hx_ever","[0, 1]","[{'value': 1, 'pct': '64.03%'}, {'value': 0, 'pct': '35.97%'}]","[object Object],[object Object]","","","","","","","",""
"293","Derived","d373JAZe7sBl","der_medicalhx","parkinson_hx_ever","Self-Reported History of Parkinson","NumberList","Primary","","open","Medical Interview 24) Has a doctor (or other health professional) ever said you had Parkinsons?","comorbidity","Stata","= mdhx24","trans_medicalhx.do","BLSA Medical Interview.mdhx24","7039","2","NumberList","67 (0.94%)","","","","","","","","","","","1","8","24","BEST","12","BEST","32","thNbWYX5Sz","Medical History","['idno', 'visit']","Medical History","A comprehensive record of an individual's past and current health conditions, surgeries, treatments, medications, allergies, and other relevant information, which aids healthcare professionals in understanding the patient's health background. (source:AI)","Eleanor Simonsick","https://nih.sharepoint.com/:x:/r/sites/NIA-BLSA/Data/4-Sharing/data-csv/der_medicalhx.csv","https://nih.sharepoint.com/:x:/r/sites/NIA-BLSA/Data/4-Sharing/import-data-python/der_medicalhx.py","https://nih.sharepoint.com/:x:/r/sites/NIA-BLSA/Data/4-Sharing/import-data-stata/der_medicalhx.do","https://nih.sharepoint.com/:x:/r/sites/NIA-BLSA/Data/4-Sharing/import-data-sas/der_medicalhx.sas","https://nih.sharepoint.com/:x:/r/sites/NIA-BLSA/Data/4-Sharing/import-data-r/der_medicalhx.r","./images/dates/der_medicalhx.jpg","BLSA/1-StudyData/4-sharing/data-csv","7106","32","ADDI, GAAIN","#parkinson_hx_ever","[0, 1]","[{'value': 0, 'pct': '98.65%'}, {'value': 1, 'pct': '1.35%'}]","[object Object],[object Object]","","","","","","","",""
"9357","CRBShare","sfbl0xUPUc","crbsh_blsaapoe","apoe4","","","Unclassified","","open","","","","","","","2146","2","NumberList","0 (0.0%)","","","","","","","","","","","1","8","3","BEST","12","BEST","32","QTsCKDLoYd","APOE Allele","['idno']","Omics","APOE Allele (single visit  - one measure per participant)","Dr. Susan Resnick / Toshiko Tanaka","https://nih.sharepoint.com/:x:/r/sites/NIA-BLSA/Data/4-Sharing/data-csv/crbsh_blsaapoe.csv","https://nih.sharepoint.com/:x:/r/sites/NIA-BLSA/Data/4-Sharing/import-data-python/crbsh_blsaapoe.py","https://nih.sharepoint.com/:x:/r/sites/NIA-BLSA/Data/4-Sharing/import-data-stata/crbsh_blsaapoe.do","https://nih.sharepoint.com/:x:/r/sites/NIA-BLSA/Data/4-Sharing/import-data-sas/crbsh_blsaapoe.sas","https://nih.sharepoint.com/:x:/r/sites/NIA-BLSA/Data/4-Sharing/import-data-r/crbsh_blsaapoe.r","","BLSA/1-StudyData/4-sharing/data-csv","2146","3","ADDI, GAAIN","","[0, 1]","[{'value': 0, 'pct': '72.37%'}, {'value': 1, 'pct': '27.63%'}]","[object Object],[object Object]","","","","","","","Yang An / Toshiko Tanaka",""
"17622","CRBShare","C2neZi1H3H","crbsh_bvr","Visit","BLS Visit ID","","Unclassified","","permissioned","","","","","","","15991","58","Decimal","0 (0.0%)","1.0","32.0","7.300075042211244","1.0","1.0","3.0","6.0","10.5","16.0","19.0","1","8","2","BEST","12","BEST","32","I4LS7Zh7dz","Benton","['idno', 'visit']","Cognition","Benton Visual Retention Test ","Dr. Susan Resnick","https://nih.sharepoint.com/:x:/r/sites/NIA-BLSA/Data/4-Sharing/data-csv/crbsh_bvr.csv","https://nih.sharepoint.com/:x:/r/sites/NIA-BLSA/Data/4-Sharing/import-data-python/crbsh_bvr.py","https://nih.sharepoint.com/:x:/r/sites/NIA-BLSA/Data/4-Sharing/import-data-stata/crbsh_bvr.do","https://nih.sharepoint.com/:x:/r/sites/NIA-BLSA/Data/4-Sharing/import-data-sas/crbsh_bvr.sas","https://nih.sharepoint.com/:x:/r/sites/NIA-BLSA/Data/4-Sharing/import-data-r/crbsh_bvr.r","./images/dates/crbsh_bvr.jpg","BLSA/1-StudyData/4-sharing/data-csv","15991","5","ADDI, GAAIN","","","","","","","","","","","","[NI+%20MOP-fnl-external.pdf](https://nih.sharepoint.com/:b:/r/sites/NIA-BLSA/BLSAinfo/BLSA%20Operation%20Manuals/2023%20BLSA%20MOPs/NI+%20MOP-fnl-external.pdf?csf=1&web=1&e=SfCiD7)"
"17625","CRBShare","e4C4EosGE8","crbsh_bvr","BVRTot","BVR Total errors","","Unclassified","","open","","","","","","","15802","32","Integer","189 (1.18%)","0.0","36.0","6.36242247816732","1.0","1.0","3.0","5.0","9.0","13.0","16.0","1","8","5","BEST","12","BEST","32","I4LS7Zh7dz","Benton","['idno', 'visit']","Cognition","Benton Visual Retention Test ","Dr. Susan Resnick","https://nih.sharepoint.com/:x:/r/sites/NIA-BLSA/Data/4-Sharing/data-csv/crbsh_bvr.csv","https://nih.sharepoint.com/:x:/r/sites/NIA-BLSA/Data/4-Sharing/import-data-python/crbsh_bvr.py","https://nih.sharepoint.com/:x:/r/sites/NIA-BLSA/Data/4-Sharing/import-data-stata/crbsh_bvr.do","https://nih.sharepoint.com/:x:/r/sites/NIA-BLSA/Data/4-Sharing/import-data-sas/crbsh_bvr.sas","https://nih.sharepoint.com/:x:/r/sites/NIA-BLSA/Data/4-Sharing/import-data-r/crbsh_bvr.r","./images/dates/crbsh_bvr.jpg","BLSA/1-StudyData/4-sharing/data-csv","15991","5","ADDI, GAAIN","","","","","./images/histograms/crbsh_bvr__BVRTot.jpg","","","","","","","[NI+%20MOP-fnl-external.pdf](https://nih.sharepoint.com/:b:/r/sites/NIA-BLSA/BLSAinfo/BLSA%20Operation%20Manuals/2023%20BLSA%20MOPs/NI+%20MOP-fnl-external.pdf?csf=1&web=1&e=SfCiD7)"
"17627","CRBShare","xTBFbbeMbw","crbsh_cardrot","Visit","BLS Visit ID","","Unclassified","","permissioned","","","","","","","11351","70","Decimal","0 (0.0%)","1.0","32.0","8.223619064399612","1.0","2.0","3.6","7.0","12.0","17.0","20.0","1","8","2","BEST","12","BEST","32","ZBnLV33hiq","Card Rotations","['idno', 'visit']","Cognition","Card Rotations (modified ETS version)","Dr. Susan Resnick","https://nih.sharepoint.com/:x:/r/sites/NIA-BLSA/Data/4-Sharing/data-csv/crbsh_cardrot.csv","https://nih.sharepoint.com/:x:/r/sites/NIA-BLSA/Data/4-Sharing/import-data-python/crbsh_cardrot.py","https://nih.sharepoint.com/:x:/r/sites/NIA-BLSA/Data/4-Sharing/import-data-stata/crbsh_cardrot.do","https://nih.sharepoint.com/:x:/r/sites/NIA-BLSA/Data/4-Sharing/import-data-sas/crbsh_cardrot.sas","https://nih.sharepoint.com/:x:/r/sites/NIA-BLSA/Data/4-Sharing/import-data-r/crbsh_cardrot.r","./images/dates/crbsh_cardrot.jpg","BLSA/1-StudyData/4-sharing/data-csv","11351","5","ADDI, GAAIN","","","","","","","","","","","","[NI+%20MOP-fnl-external.pdf](https://nih.sharepoint.com/:b:/r/sites/NIA-BLSA/BLSAinfo/BLSA%20Operation%20Manuals/2023%20BLSA%20MOPs/NI+%20MOP-fnl-external.pdf?csf=1&web=1&e=SfCiD7)"
"17630","CRBShare","YoSdZuQvDm","crbsh_cardrot","CRDRot","Card Rotations: Total score (correct-incorrect)","","Unclassified","","open","","","","","","","10679","226","Integer","672 (5.92%)","-26.0","218.0","84.10534694259762","24.0","35.0","55.0","81.0","108.0","140.0","159.0","1","8","5","BEST","12","BEST","32","ZBnLV33hiq","Card Rotations","['idno', 'visit']","Cognition","Card Rotations (modified ETS version)","Dr. Susan Resnick","https://nih.sharepoint.com/:x:/r/sites/NIA-BLSA/Data/4-Sharing/data-csv/crbsh_cardrot.csv","https://nih.sharepoint.com/:x:/r/sites/NIA-BLSA/Data/4-Sharing/import-data-python/crbsh_cardrot.py","https://nih.sharepoint.com/:x:/r/sites/NIA-BLSA/Data/4-Sharing/import-data-stata/crbsh_cardrot.do","https://nih.sharepoint.com/:x:/r/sites/NIA-BLSA/Data/4-Sharing/import-data-sas/crbsh_cardrot.sas","https://nih.sharepoint.com/:x:/r/sites/NIA-BLSA/Data/4-Sharing/import-data-r/crbsh_cardrot.r","./images/dates/crbsh_cardrot.jpg","BLSA/1-StudyData/4-sharing/data-csv","11351","5","ADDI, GAAIN","","","","","./images/histograms/crbsh_cardrot__CRDRot.jpg","","","","","","","[NI+%20MOP-fnl-external.pdf](https://nih.sharepoint.com/:b:/r/sites/NIA-BLSA/BLSAinfo/BLSA%20Operation%20Manuals/2023%20BLSA%20MOPs/NI+%20MOP-fnl-external.pdf?csf=1&web=1&e=SfCiD7)"
"17639","CRBShare","FToH6dQ32y","crbsh_cvl","Visit","BLS Visit ID","","Unclassified","","permissioned","","","","","","","11250","63","Decimal","0 (0.0%)","1.0","32.0","8.219493333333332","1.0","2.0","3.62","7.0","12.0","17.0","20.0","1","8","2","BEST","12","BEST","32","j24Djr7W0i","CVLT","['idno', 'visit']","Cognition","California Verbal Learning Test Version 1","Dr. Susan Resnick","https://nih.sharepoint.com/:x:/r/sites/NIA-BLSA/Data/4-Sharing/data-csv/crbsh_cvl.csv","https://nih.sharepoint.com/:x:/r/sites/NIA-BLSA/Data/4-Sharing/import-data-python/crbsh_cvl.py","https://nih.sharepoint.com/:x:/r/sites/NIA-BLSA/Data/4-Sharing/import-data-stata/crbsh_cvl.do","https://nih.sharepoint.com/:x:/r/sites/NIA-BLSA/Data/4-Sharing/import-data-sas/crbsh_cvl.sas","https://nih.sharepoint.com/:x:/r/sites/NIA-BLSA/Data/4-Sharing/import-data-r/crbsh_cvl.r","./images/dates/crbsh_cvl.jpg","BLSA/1-StudyData/4-sharing/data-csv","11250","7","ADDI, GAAIN","","","","","","","","","","","","[NI+%20MOP-fnl-external.pdf](https://nih.sharepoint.com/:b:/r/sites/NIA-BLSA/BLSAinfo/BLSA%20Operation%20Manuals/2023%20BLSA%20MOPs/NI+%20MOP-fnl-external.pdf?csf=1&web=1&e=SfCiD7)"
"17642","CRBShare","MkcfuFGxkA","crbsh_cvl","CVLtca","CVL Total correct A","","Unclassified","","open","","","","","","","10926","78","Integer","324 (2.88%)","0.0","80.0","51.95744096650192","30.0","35.0","43.0","53.0","61.0","68.0","71.0","1","8","5","BEST","12","BEST","32","j24Djr7W0i","CVLT","['idno', 'visit']","Cognition","California Verbal Learning Test Version 1","Dr. Susan Resnick","https://nih.sharepoint.com/:x:/r/sites/NIA-BLSA/Data/4-Sharing/data-csv/crbsh_cvl.csv","https://nih.sharepoint.com/:x:/r/sites/NIA-BLSA/Data/4-Sharing/import-data-python/crbsh_cvl.py","https://nih.sharepoint.com/:x:/r/sites/NIA-BLSA/Data/4-Sharing/import-data-stata/crbsh_cvl.do","https://nih.sharepoint.com/:x:/r/sites/NIA-BLSA/Data/4-Sharing/import-data-sas/crbsh_cvl.sas","https://nih.sharepoint.com/:x:/r/sites/NIA-BLSA/Data/4-Sharing/import-data-r/crbsh_cvl.r","./images/dates/crbsh_cvl.jpg","BLSA/1-StudyData/4-sharing/data-csv","11250","7","ADDI, GAAIN","","","","","./images/histograms/crbsh_cvl__CVLtca.jpg","","","","","","","[NI+%20MOP-fnl-external.pdf](https://nih.sharepoint.com/:b:/r/sites/NIA-BLSA/BLSAinfo/BLSA%20Operation%20Manuals/2023%20BLSA%20MOPs/NI+%20MOP-fnl-external.pdf?csf=1&web=1&e=SfCiD7)"
"17644","CRBShare","gSlocpl2GI","crbsh_cvl","CVLfrl","CVL #Corr A Long-Delay Free Recall","","Unclassified","","open","","","","","","","10870","17","Integer","380 (3.38%)","0.0","16.0","10.837626494940203","4.0","6.0","9.0","11.0","14.0","15.0","16.0","1","8","7","BEST","12","BEST","32","j24Djr7W0i","CVLT","['idno', 'visit']","Cognition","California Verbal Learning Test Version 1","Dr. Susan Resnick","https://nih.sharepoint.com/:x:/r/sites/NIA-BLSA/Data/4-Sharing/data-csv/crbsh_cvl.csv","https://nih.sharepoint.com/:x:/r/sites/NIA-BLSA/Data/4-Sharing/import-data-python/crbsh_cvl.py","https://nih.sharepoint.com/:x:/r/sites/NIA-BLSA/Data/4-Sharing/import-data-stata/crbsh_cvl.do","https://nih.sharepoint.com/:x:/r/sites/NIA-BLSA/Data/4-Sharing/import-data-sas/crbsh_cvl.sas","https://nih.sharepoint.com/:x:/r/sites/NIA-BLSA/Data/4-Sharing/import-data-r/crbsh_cvl.r","./images/dates/crbsh_cvl.jpg","BLSA/1-StudyData/4-sharing/data-csv","11250","7","ADDI, GAAIN","","","","","./images/histograms/crbsh_cvl__CVLfrl.jpg","","","","","","","[NI+%20MOP-fnl-external.pdf](https://nih.sharepoint.com/:b:/r/sites/NIA-BLSA/BLSAinfo/BLSA%20Operation%20Manuals/2023%20BLSA%20MOPs/NI+%20MOP-fnl-external.pdf?csf=1&web=1&e=SfCiD7)"
"17646","CRBShare","rd9dijhnEU","crbsh_digitspan","Visit","BLS Visit ID","","Unclassified","","permissioned","","","","","","","11783","58","Decimal","0 (0.0%)","1.0","32.0","8.12738691334974","1.0","2.0","3.0","7.0","11.0","17.0","20.0","1","8","2","BEST","12","BEST","32","xtspIcbb5n","Digit Span","['idno', 'visit']","Cognition","WAIS-R Digit Span Forward & Backward (DSF DSB)","Dr. Susan Resnick","https://nih.sharepoint.com/:x:/r/sites/NIA-BLSA/Data/4-Sharing/data-csv/crbsh_digitspan.csv","https://nih.sharepoint.com/:x:/r/sites/NIA-BLSA/Data/4-Sharing/import-data-python/crbsh_digitspan.py","https://nih.sharepoint.com/:x:/r/sites/NIA-BLSA/Data/4-Sharing/import-data-stata/crbsh_digitspan.do","https://nih.sharepoint.com/:x:/r/sites/NIA-BLSA/Data/4-Sharing/import-data-sas/crbsh_digitspan.sas","https://nih.sharepoint.com/:x:/r/sites/NIA-BLSA/Data/4-Sharing/import-data-r/crbsh_digitspan.r","./images/dates/crbsh_digitspan.jpg","BLSA/1-StudyData/4-sharing/data-csv","11783","8","ADDI, GAAIN","","","","","","","","","","","","[NI+%20MOP-fnl-external.pdf](https://nih.sharepoint.com/:b:/r/sites/NIA-BLSA/BLSAinfo/BLSA%20Operation%20Manuals/2023%20BLSA%20MOPs/NI+%20MOP-fnl-external.pdf?csf=1&web=1&e=SfCiD7)"
"17649","CRBShare","Clg3hTKP79","crbsh_digitspan","DigFor","WAIS-R Digits Forward Traditional score","","Unclassified","","open","","","","","","","11444","14","NumberList","339 (2.88%)","","","","","","","","","","","1","8","5","BEST","12","BEST","32","xtspIcbb5n","Digit Span","['idno', 'visit']","Cognition","WAIS-R Digit Span Forward & Backward (DSF DSB)","Dr. Susan Resnick","https://nih.sharepoint.com/:x:/r/sites/NIA-BLSA/Data/4-Sharing/data-csv/crbsh_digitspan.csv","https://nih.sharepoint.com/:x:/r/sites/NIA-BLSA/Data/4-Sharing/import-data-python/crbsh_digitspan.py","https://nih.sharepoint.com/:x:/r/sites/NIA-BLSA/Data/4-Sharing/import-data-stata/crbsh_digitspan.do","https://nih.sharepoint.com/:x:/r/sites/NIA-BLSA/Data/4-Sharing/import-data-sas/crbsh_digitspan.sas","https://nih.sharepoint.com/:x:/r/sites/NIA-BLSA/Data/4-Sharing/import-data-r/crbsh_digitspan.r","./images/dates/crbsh_digitspan.jpg","BLSA/1-StudyData/4-sharing/data-csv","11783","8","ADDI, GAAIN","","[0, 2, 3, 4, 5, 6, 7, 8, 9, 10, 11, 12, 13, 14]","[{'value': 6, 'pct': '16.92%'}, {'value': 8, 'pct': '16.88%'}, {'value': 7, 'pct': '14.29%'}, {'value': 9, 'pct': '13.8%'}, {'value': 10, 'pct': '11.99%'}, {'value': 11, 'pct': '8.56%'}, {'value': 5, 'pct': '6.18%'}, {'value': 12, 'pct': '5.23%'}, {'value': 4, 'pct': '2.72%'}, {'value': 13, 'pct': '2.15%'}, {'value': 14, 'pct': '0.8%'}, {'value': 3, 'pct': '0.31%'}, {'value': 0, 'pct': '0.11%'}, {'value': 2, 'pct': '0.07%'}]","[object Object],[object Object],[object Object],[object Object],[object Object],[object Object],[object Object],[object Object],[object Object],[object Object],[object Object],[object Object],[object Object],[object Object]","","","","","","","","[NI+%20MOP-fnl-external.pdf](https://nih.sharepoint.com/:b:/r/sites/NIA-BLSA/BLSAinfo/BLSA%20Operation%20Manuals/2023%20BLSA%20MOPs/NI+%20MOP-fnl-external.pdf?csf=1&web=1&e=SfCiD7)"
"17651","CRBShare","qGDZMPTS6p","crbsh_digitspan","DigBac","WAIS-R Digits Backward Traditional score","","Unclassified","","open","","","","","","","11420","15","NumberList","363 (3.08%)","","","","","","","","","","","1","8","7","BEST","12","BEST","32","xtspIcbb5n","Digit Span","['idno', 'visit']","Cognition","WAIS-R Digit Span Forward & Backward (DSF DSB)","Dr. Susan Resnick","https://nih.sharepoint.com/:x:/r/sites/NIA-BLSA/Data/4-Sharing/data-csv/crbsh_digitspan.csv","https://nih.sharepoint.com/:x:/r/sites/NIA-BLSA/Data/4-Sharing/import-data-python/crbsh_digitspan.py","https://nih.sharepoint.com/:x:/r/sites/NIA-BLSA/Data/4-Sharing/import-data-stata/crbsh_digitspan.do","https://nih.sharepoint.com/:x:/r/sites/NIA-BLSA/Data/4-Sharing/import-data-sas/crbsh_digitspan.sas","https://nih.sharepoint.com/:x:/r/sites/NIA-BLSA/Data/4-Sharing/import-data-r/crbsh_digitspan.r","./images/dates/crbsh_digitspan.jpg","BLSA/1-StudyData/4-sharing/data-csv","11783","8","ADDI, GAAIN","","[0, 1, 2, 3, 4, 5, 6, 7, 8, 9, 10, 11, 12, 13, 14]","[{'value': 6, 'pct': '21.38%'}, {'value': 7, 'pct': '16.73%'}, {'value': 8, 'pct': '13.95%'}, {'value': 5, 'pct': '11.98%'}, {'value': 9, 'pct': '9.03%'}, {'value': 4, 'pct': '8.34%'}, {'value': 10, 'pct': '7.19%'}, {'value': 11, 'pct': '4.41%'}, {'value': 12, 'pct': '2.84%'}, {'value': 3, 'pct': '1.64%'}, {'value': 13, 'pct': '1.2%'}, {'value': 2, 'pct': '0.66%'}, {'value': 14, 'pct': '0.31%'}, {'value': 0, 'pct': '0.22%'}, {'value': 1, 'pct': '0.13%'}]","","","","","","","","","[NI+%20MOP-fnl-external.pdf](https://nih.sharepoint.com/:b:/r/sites/NIA-BLSA/BLSAinfo/BLSA%20Operation%20Manuals/2023%20BLSA%20MOPs/NI+%20MOP-fnl-external.pdf?csf=1&web=1&e=SfCiD7)"
"17654","CRBShare","Yq6gcSrBRI","crbsh_digitsym","Visit","BLS Visit ID","","Unclassified","","permissioned","","","","","","","5905","32","Integer","0 (0.0%)","1.0","32.0","8.314648602878917","1.0","2.0","4.0","7.0","12.0","17.0","21.0","1","8","2","BEST","12","BEST","32","cufbf6d5S7","DSST","['idno', 'visit']","Cognition","WAIS-R Digit Symbol Substitution","Dr. Susan Resnick","https://nih.sharepoint.com/:x:/r/sites/NIA-BLSA/Data/4-Sharing/data-csv/crbsh_digitsym.csv","https://nih.sharepoint.com/:x:/r/sites/NIA-BLSA/Data/4-Sharing/import-data-python/crbsh_digitsym.py","https://nih.sharepoint.com/:x:/r/sites/NIA-BLSA/Data/4-Sharing/import-data-stata/crbsh_digitsym.do","https://nih.sharepoint.com/:x:/r/sites/NIA-BLSA/Data/4-Sharing/import-data-sas/crbsh_digitsym.sas","https://nih.sharepoint.com/:x:/r/sites/NIA-BLSA/Data/4-Sharing/import-data-r/crbsh_digitsym.r","./images/dates/crbsh_digitsym.jpg","BLSA/1-StudyData/4-sharing/data-csv","5905","5","ADDI, GAAIN","","","","","","","","","","[]","","[NI+%20MOP-fnl-external.pdf](https://nih.sharepoint.com/:b:/r/sites/NIA-BLSA/BLSAinfo/BLSA%20Operation%20Manuals/2023%20BLSA%20MOPs/NI+%20MOP-fnl-external.pdf?csf=1&web=1&e=SfCiD7)"
"17657","CRBShare","BQqC5xgSzO","crbsh_digitsym","DSSTot","DigitSym total score","","Unclassified","","open","","","","","","","5560","81","Integer","345 (5.84%)","7.0","89.0","43.02967625899281","23.0","27.0","34.0","42.0","52.0","60.0","66.0","1","8","5","BEST","12","BEST","32","cufbf6d5S7","DSST","['idno', 'visit']","Cognition","WAIS-R Digit Symbol Substitution","Dr. Susan Resnick","https://nih.sharepoint.com/:x:/r/sites/NIA-BLSA/Data/4-Sharing/data-csv/crbsh_digitsym.csv","https://nih.sharepoint.com/:x:/r/sites/NIA-BLSA/Data/4-Sharing/import-data-python/crbsh_digitsym.py","https://nih.sharepoint.com/:x:/r/sites/NIA-BLSA/Data/4-Sharing/import-data-stata/crbsh_digitsym.do","https://nih.sharepoint.com/:x:/r/sites/NIA-BLSA/Data/4-Sharing/import-data-sas/crbsh_digitsym.sas","https://nih.sharepoint.com/:x:/r/sites/NIA-BLSA/Data/4-Sharing/import-data-r/crbsh_digitsym.r","./images/dates/crbsh_digitsym.jpg","BLSA/1-StudyData/4-sharing/data-csv","5905","5","ADDI, GAAIN","","","","","./images/histograms/crbsh_digitsym__DSSTot.jpg","","","","","[]","","[NI+%20MOP-fnl-external.pdf](https://nih.sharepoint.com/:b:/r/sites/NIA-BLSA/BLSAinfo/BLSA%20Operation%20Manuals/2023%20BLSA%20MOPs/NI+%20MOP-fnl-external.pdf?csf=1&web=1&e=SfCiD7)"
"17803","CRBShare","f4H9Kv1qDQ","crbsh_mms","Visit","BLS Visit ID","","Unclassified","","permissioned","","","","","","","11465","71","Decimal","0 (0.0%)","1.0","33.0","8.840148277365895","1.0","2.0","4.0","7.0","13.0","18.0","21.0","1","8","2","BEST","12","BEST","32","cvvgJv4Rjz","MMSE","['idno', 'visit']","Cognition","Mini-Mental State Examination","Dr. Susan Resnick","https://nih.sharepoint.com/:x:/r/sites/NIA-BLSA/Data/4-Sharing/data-csv/crbsh_mms.csv","https://nih.sharepoint.com/:x:/r/sites/NIA-BLSA/Data/4-Sharing/import-data-python/crbsh_mms.py","https://nih.sharepoint.com/:x:/r/sites/NIA-BLSA/Data/4-Sharing/import-data-stata/crbsh_mms.do","https://nih.sharepoint.com/:x:/r/sites/NIA-BLSA/Data/4-Sharing/import-data-sas/crbsh_mms.sas","https://nih.sharepoint.com/:x:/r/sites/NIA-BLSA/Data/4-Sharing/import-data-r/crbsh_mms.r","./images/dates/crbsh_mms.jpg","BLSA/1-StudyData/4-sharing/data-csv","11465","6","ADDI, GAAIN","","","","","","","","","","","","[NI+%20MOP-fnl-external.pdf](https://nih.sharepoint.com/:b:/r/sites/NIA-BLSA/BLSAinfo/BLSA%20Operation%20Manuals/2023%20BLSA%20MOPs/NI+%20MOP-fnl-external.pdf?csf=1&web=1&e=SfCiD7)"
"17806","CRBShare","YuY8yO82s8","crbsh_mms","MMSTot","MMS Total score","","Unclassified","","open","","","","","","","11105","27","Integer","360 (3.14%)","0.0","99.0","28.282215218370105","25.0","26.0","28.0","29.0","30.0","30.0","30.0","1","8","5","BEST","12","BEST","32","cvvgJv4Rjz","MMSE","['idno', 'visit']","Cognition","Mini-Mental State Examination","Dr. Susan Resnick","https://nih.sharepoint.com/:x:/r/sites/NIA-BLSA/Data/4-Sharing/data-csv/crbsh_mms.csv","https://nih.sharepoint.com/:x:/r/sites/NIA-BLSA/Data/4-Sharing/import-data-python/crbsh_mms.py","https://nih.sharepoint.com/:x:/r/sites/NIA-BLSA/Data/4-Sharing/import-data-stata/crbsh_mms.do","https://nih.sharepoint.com/:x:/r/sites/NIA-BLSA/Data/4-Sharing/import-data-sas/crbsh_mms.sas","https://nih.sharepoint.com/:x:/r/sites/NIA-BLSA/Data/4-Sharing/import-data-r/crbsh_mms.r","./images/dates/crbsh_mms.jpg","BLSA/1-StudyData/4-sharing/data-csv","11465","6","ADDI, GAAIN","","","","","./images/histograms/crbsh_mms__MMSTot.jpg","","","","","","","[NI+%20MOP-fnl-external.pdf](https://nih.sharepoint.com/:b:/r/sites/NIA-BLSA/BLSAinfo/BLSA%20Operation%20Manuals/2023%20BLSA%20MOPs/NI+%20MOP-fnl-external.pdf?csf=1&web=1&e=SfCiD7)"
"17807","CRBShare","JchTO1aME5","crbsh_mms","MMSTotP","MMSE Pro-rated","","Unclassified","","open","","","","","","","11073","63","Decimal","392 (3.42%)","0.0","30.0","28.30251899553468","25.0","26.0","28.0","29.0","30.0","30.0","30.0","1","8","6","BEST","12","BEST","32","cvvgJv4Rjz","MMSE","['idno', 'visit']","Cognition","Mini-Mental State Examination","Dr. Susan Resnick","https://nih.sharepoint.com/:x:/r/sites/NIA-BLSA/Data/4-Sharing/data-csv/crbsh_mms.csv","https://nih.sharepoint.com/:x:/r/sites/NIA-BLSA/Data/4-Sharing/import-data-python/crbsh_mms.py","https://nih.sharepoint.com/:x:/r/sites/NIA-BLSA/Data/4-Sharing/import-data-stata/crbsh_mms.do","https://nih.sharepoint.com/:x:/r/sites/NIA-BLSA/Data/4-Sharing/import-data-sas/crbsh_mms.sas","https://nih.sharepoint.com/:x:/r/sites/NIA-BLSA/Data/4-Sharing/import-data-r/crbsh_mms.r","./images/dates/crbsh_mms.jpg","BLSA/1-StudyData/4-sharing/data-csv","11465","6","ADDI, GAAIN","","","","","./images/histograms/crbsh_mms__MMSTotP.jpg","","","","","","","[NI+%20MOP-fnl-external.pdf](https://nih.sharepoint.com/:b:/r/sites/NIA-BLSA/BLSAinfo/BLSA%20Operation%20Manuals/2023%20BLSA%20MOPs/NI+%20MOP-fnl-external.pdf?csf=1&web=1&e=SfCiD7)"
"17890","CRBShare","tbB7spHSab","crbsh_neubos","Visit","BLS Visit ID","","Unclassified","","permissioned","","","","","","","11058","71","Decimal","0 (0.0%)","1.0","33.0","8.97669560499186","1.0","2.0","4.0","7.0","13.0","18.0","21.0","1","8","2","BEST","12","BEST","32","vilrGf406l","Boston Naming","['idno', 'visit']","Cognition","Boston Naming Test","Dr. Susan Resnick","https://nih.sharepoint.com/:x:/r/sites/NIA-BLSA/Data/4-Sharing/data-csv/crbsh_neubos.csv","https://nih.sharepoint.com/:x:/r/sites/NIA-BLSA/Data/4-Sharing/import-data-python/crbsh_neubos.py","https://nih.sharepoint.com/:x:/r/sites/NIA-BLSA/Data/4-Sharing/import-data-stata/crbsh_neubos.do","https://nih.sharepoint.com/:x:/r/sites/NIA-BLSA/Data/4-Sharing/import-data-sas/crbsh_neubos.sas","https://nih.sharepoint.com/:x:/r/sites/NIA-BLSA/Data/4-Sharing/import-data-r/crbsh_neubos.r","./images/dates/crbsh_neubos.jpg","BLSA/1-StudyData/4-sharing/data-csv","11058","9","ADDI, GAAIN","","","","","","","","","","","","[NI+%20MOP-fnl-external.pdf](https://nih.sharepoint.com/:b:/r/sites/NIA-BLSA/BLSAinfo/BLSA%20Operation%20Manuals/2023%20BLSA%20MOPs/NI+%20MOP-fnl-external.pdf?csf=1&web=1&e=SfCiD7)"
"17897","CRBShare","xJUJtbXOBG","crbsh_neubos","BOSCor","BostonNaming - # correct of 60","","Unclassified","","open","","","","","","","9336","56","Integer","1722 (15.57%)","3.0","99.0","53.75096401028278","41.0","46.0","52.0","56.0","58.0","59.0","60.0","1","8","9","BEST","12","BEST","32","vilrGf406l","Boston Naming","['idno', 'visit']","Cognition","Boston Naming Test","Dr. Susan Resnick","https://nih.sharepoint.com/:x:/r/sites/NIA-BLSA/Data/4-Sharing/data-csv/crbsh_neubos.csv","https://nih.sharepoint.com/:x:/r/sites/NIA-BLSA/Data/4-Sharing/import-data-python/crbsh_neubos.py","https://nih.sharepoint.com/:x:/r/sites/NIA-BLSA/Data/4-Sharing/import-data-stata/crbsh_neubos.do","https://nih.sharepoint.com/:x:/r/sites/NIA-BLSA/Data/4-Sharing/import-data-sas/crbsh_neubos.sas","https://nih.sharepoint.com/:x:/r/sites/NIA-BLSA/Data/4-Sharing/import-data-r/crbsh_neubos.r","./images/dates/crbsh_neubos.jpg","BLSA/1-StudyData/4-sharing/data-csv","11058","9","ADDI, GAAIN","","","","","./images/histograms/crbsh_neubos__BOSCor.jpg","","","","","","","[NI+%20MOP-fnl-external.pdf](https://nih.sharepoint.com/:b:/r/sites/NIA-BLSA/BLSAinfo/BLSA%20Operation%20Manuals/2023%20BLSA%20MOPs/NI+%20MOP-fnl-external.pdf?csf=1&web=1&e=SfCiD7)"
"17935","CRBShare","fOIE64FcKi","crbsh_neuflu","Visit","BLS Visit ID","","Unclassified","","permissioned","","","","","","","12011","71","Decimal","0 (0.0%)","1.0","33.0","8.64426775455832","1.0","2.0","4.0","7.0","12.0","18.0","21.0","1","8","2","BEST","12","BEST","32","9EZ4lmQdOW","Verbal fluency","['idno', 'visit']","Cognition","Verbal fluency (letters: F, A, S; categories: fruits, animals, vegetables)","Dr. Susan Resnick","https://nih.sharepoint.com/:x:/r/sites/NIA-BLSA/Data/4-Sharing/data-csv/crbsh_neuflu.csv","https://nih.sharepoint.com/:x:/r/sites/NIA-BLSA/Data/4-Sharing/import-data-python/crbsh_neuflu.py","https://nih.sharepoint.com/:x:/r/sites/NIA-BLSA/Data/4-Sharing/import-data-stata/crbsh_neuflu.do","https://nih.sharepoint.com/:x:/r/sites/NIA-BLSA/Data/4-Sharing/import-data-sas/crbsh_neuflu.sas","https://nih.sharepoint.com/:x:/r/sites/NIA-BLSA/Data/4-Sharing/import-data-r/crbsh_neuflu.r","./images/dates/crbsh_neuflu.jpg","BLSA/1-StudyData/4-sharing/data-csv","12011","6","ADDI, GAAIN","","","","","","","","","","","","[NI+%20MOP-fnl-external.pdf](https://nih.sharepoint.com/:b:/r/sites/NIA-BLSA/BLSAinfo/BLSA%20Operation%20Manuals/2023%20BLSA%20MOPs/NI+%20MOP-fnl-external.pdf?csf=1&web=1&e=SfCiD7)"
"17938","CRBShare","bKmkMEYw0M","crbsh_neuflu","FLUCat","CategFluency - mean(fruit, animal, veg)","","Unclassified","","open","","","","","","","11710","163","Decimal","301 (2.51%)","0.0","94.0","14.905250544771999","8.7","10.0","12.3","14.7","17.3","19.7","21.3","1","8","5","BEST","12","BEST","32","9EZ4lmQdOW","Verbal fluency","['idno', 'visit']","Cognition","Verbal fluency (letters: F, A, S; categories: fruits, animals, vegetables)","Dr. Susan Resnick","https://nih.sharepoint.com/:x:/r/sites/NIA-BLSA/Data/4-Sharing/data-csv/crbsh_neuflu.csv","https://nih.sharepoint.com/:x:/r/sites/NIA-BLSA/Data/4-Sharing/import-data-python/crbsh_neuflu.py","https://nih.sharepoint.com/:x:/r/sites/NIA-BLSA/Data/4-Sharing/import-data-stata/crbsh_neuflu.do","https://nih.sharepoint.com/:x:/r/sites/NIA-BLSA/Data/4-Sharing/import-data-sas/crbsh_neuflu.sas","https://nih.sharepoint.com/:x:/r/sites/NIA-BLSA/Data/4-Sharing/import-data-r/crbsh_neuflu.r","./images/dates/crbsh_neuflu.jpg","BLSA/1-StudyData/4-sharing/data-csv","12011","6","ADDI, GAAIN","","","","","./images/histograms/crbsh_neuflu__FLUCat.jpg","","","","","","","[NI+%20MOP-fnl-external.pdf](https://nih.sharepoint.com/:b:/r/sites/NIA-BLSA/BLSAinfo/BLSA%20Operation%20Manuals/2023%20BLSA%20MOPs/NI+%20MOP-fnl-external.pdf?csf=1&web=1&e=SfCiD7)"
"17939","CRBShare","BaEBIGVO3S","crbsh_neuflu","FLULet","LettrFluency - mean(F, A, S)","","Unclassified","","open","","","","","","","11717","159","Decimal","294 (2.45%)","0.0","94.0","14.336680361910608","7.3","9.0","11.3","14.29999542236328","17.0","20.0","21.7","1","8","6","BEST","12","BEST","32","9EZ4lmQdOW","Verbal fluency","['idno', 'visit']","Cognition","Verbal fluency (letters: F, A, S; categories: fruits, animals, vegetables)","Dr. Susan Resnick","https://nih.sharepoint.com/:x:/r/sites/NIA-BLSA/Data/4-Sharing/data-csv/crbsh_neuflu.csv","https://nih.sharepoint.com/:x:/r/sites/NIA-BLSA/Data/4-Sharing/import-data-python/crbsh_neuflu.py","https://nih.sharepoint.com/:x:/r/sites/NIA-BLSA/Data/4-Sharing/import-data-stata/crbsh_neuflu.do","https://nih.sharepoint.com/:x:/r/sites/NIA-BLSA/Data/4-Sharing/import-data-sas/crbsh_neuflu.sas","https://nih.sharepoint.com/:x:/r/sites/NIA-BLSA/Data/4-Sharing/import-data-r/crbsh_neuflu.r","./images/dates/crbsh_neuflu.jpg","BLSA/1-StudyData/4-sharing/data-csv","12011","6","ADDI, GAAIN","","","","","./images/histograms/crbsh_neuflu__FLULet.jpg","","","","","","","[NI+%20MOP-fnl-external.pdf](https://nih.sharepoint.com/:b:/r/sites/NIA-BLSA/BLSAinfo/BLSA%20Operation%20Manuals/2023%20BLSA%20MOPs/NI+%20MOP-fnl-external.pdf?csf=1&web=1&e=SfCiD7)"
"17956","CRBShare","whptl8Xpa5","crbsh_neutrails","Visit","BLS Visit ID","","Unclassified","","permissioned","","","","","","","11936","59","Decimal","0 (0.0%)","1.0","33.0","8.62776474530831","1.0","2.0","4.0","7.0","12.0","18.0","21.0","1","8","2","BEST","12","BEST","32","EY1jeS5v0D","Trails","['idno', 'visit']","Cognition","Trail Making Parts A & B (Trails A & B)","Dr. Susan Resnick","https://nih.sharepoint.com/:x:/r/sites/NIA-BLSA/Data/4-Sharing/data-csv/crbsh_neutrails.csv","https://nih.sharepoint.com/:x:/r/sites/NIA-BLSA/Data/4-Sharing/import-data-python/crbsh_neutrails.py","https://nih.sharepoint.com/:x:/r/sites/NIA-BLSA/Data/4-Sharing/import-data-stata/crbsh_neutrails.do","https://nih.sharepoint.com/:x:/r/sites/NIA-BLSA/Data/4-Sharing/import-data-sas/crbsh_neutrails.sas","https://nih.sharepoint.com/:x:/r/sites/NIA-BLSA/Data/4-Sharing/import-data-r/crbsh_neutrails.r","./images/dates/crbsh_neutrails.jpg","BLSA/1-StudyData/4-sharing/data-csv","11936","8","ADDI, GAAIN","","","","","","","","","","","","[NI+%20MOP-fnl-external.pdf](https://nih.sharepoint.com/:b:/r/sites/NIA-BLSA/BLSAinfo/BLSA%20Operation%20Manuals/2023%20BLSA%20MOPs/NI+%20MOP-fnl-external.pdf?csf=1&web=1&e=SfCiD7)"
"17959","CRBShare","iqz1b2pV96","crbsh_neutrails","TRATS","Trails - A test (seconds)","","Unclassified","","open","","","","","","","11529","171","Integer","407 (3.41%)","5.0","300.0","38.41790268019776","19.0","22.0","26.0","34.0","44.0","58.0","71.0","1","8","5","BEST","12","BEST","32","EY1jeS5v0D","Trails","['idno', 'visit']","Cognition","Trail Making Parts A & B (Trails A & B)","Dr. Susan Resnick","https://nih.sharepoint.com/:x:/r/sites/NIA-BLSA/Data/4-Sharing/data-csv/crbsh_neutrails.csv","https://nih.sharepoint.com/:x:/r/sites/NIA-BLSA/Data/4-Sharing/import-data-python/crbsh_neutrails.py","https://nih.sharepoint.com/:x:/r/sites/NIA-BLSA/Data/4-Sharing/import-data-stata/crbsh_neutrails.do","https://nih.sharepoint.com/:x:/r/sites/NIA-BLSA/Data/4-Sharing/import-data-sas/crbsh_neutrails.sas","https://nih.sharepoint.com/:x:/r/sites/NIA-BLSA/Data/4-Sharing/import-data-r/crbsh_neutrails.r","./images/dates/crbsh_neutrails.jpg","BLSA/1-StudyData/4-sharing/data-csv","11936","8","ADDI, GAAIN","","","","","./images/histograms/crbsh_neutrails__TRATS.jpg","","","","","","","[NI+%20MOP-fnl-external.pdf](https://nih.sharepoint.com/:b:/r/sites/NIA-BLSA/BLSAinfo/BLSA%20Operation%20Manuals/2023%20BLSA%20MOPs/NI+%20MOP-fnl-external.pdf?csf=1&web=1&e=SfCiD7)"
"17961","CRBShare","YabwAAmS4f","crbsh_neutrails","TRBTS","Trails - B test (seconds)","","Unclassified","","open","","","","","","","11030","273","Integer","906 (7.59%)","19.0","300.0","93.501722574796","43.0","49.0","60.0","80.0","110.0","157.0","197.0","1","8","7","BEST","12","BEST","32","EY1jeS5v0D","Trails","['idno', 'visit']","Cognition","Trail Making Parts A & B (Trails A & B)","Dr. Susan Resnick","https://nih.sharepoint.com/:x:/r/sites/NIA-BLSA/Data/4-Sharing/data-csv/crbsh_neutrails.csv","https://nih.sharepoint.com/:x:/r/sites/NIA-BLSA/Data/4-Sharing/import-data-python/crbsh_neutrails.py","https://nih.sharepoint.com/:x:/r/sites/NIA-BLSA/Data/4-Sharing/import-data-stata/crbsh_neutrails.do","https://nih.sharepoint.com/:x:/r/sites/NIA-BLSA/Data/4-Sharing/import-data-sas/crbsh_neutrails.sas","https://nih.sharepoint.com/:x:/r/sites/NIA-BLSA/Data/4-Sharing/import-data-r/crbsh_neutrails.r","./images/dates/crbsh_neutrails.jpg","BLSA/1-StudyData/4-sharing/data-csv","11936","8","ADDI, GAAIN","","","","","./images/histograms/crbsh_neutrails__TRBTS.jpg","","","","","","","[NI+%20MOP-fnl-external.pdf](https://nih.sharepoint.com/:b:/r/sites/NIA-BLSA/BLSAinfo/BLSA%20Operation%20Manuals/2023%20BLSA%20MOPs/NI+%20MOP-fnl-external.pdf?csf=1&web=1&e=SfCiD7)"